[
    {
        "iconUrl": "https://t2.gstatic.com/faviconV2?client=SOCIAL&type=FAVICON&fallback_opts=TYPE,SIZE,URL&url=https://anichin.club&size=%size%",
        "apiVersion": 1,
        "repositoryUrl": "https://github.com/duro92/ExtCloud",
        "fileSize": 35843,
        "status": 1,
        "language": "id",
        "authors": [
            "Duro92",
            "CodeSanzz"
        ],
        "tvTypes": [
            "AnimeMovie",
            "Anime",
            "Cartoon"
        ],
        "version": 25,
        "internalName": "AnichinMoe",
        "description": "Anichin Moe",
        "url": "https://raw.githubusercontent.com/enyny/ExtCloud/builds/AnichinMoe.cs3",
        "name": "AnichinMoe"
    },
    {
        "iconUrl": "https://t2.gstatic.com/faviconV2?client=SOCIAL&type=FAVICON&fallback_opts=TYPE,SIZE,URL&url=https://v1.animasu.top&size=%size%",
        "apiVersion": 1,
        "repositoryUrl": "https://github.com/duro92/ExtCloud",
        "fileSize": 24734,
        "status": 1,
        "language": "id",
        "authors": [
            "Hexated"
        ],
        "tvTypes": [
            "AnimeMovie",
            "OVA",
            "Anime"
        ],
        "version": 1,
        "internalName": "Animasu",
        "url": "https://raw.githubusercontent.com/enyny/ExtCloud/builds/Animasu.cs3",
        "name": "Animasu"
    },
    {
        "iconUrl": "https://t2.gstatic.com/faviconV2?client=SOCIAL&type=FAVICON&fallback_opts=TYPE,SIZE,URL&url=http://anoboy.be&size=%size%",
        "apiVersion": 1,
        "repositoryUrl": "https://github.com/duro92/ExtCloud",
        "fileSize": 20196,
        "status": 1,
        "language": "id",
        "authors": [
            "Duro92"
        ],
        "tvTypes": [
            "AnimeMovie",
            "OVA",
            "Anime"
        ],
        "version": 2,
        "internalName": "Anoboy",
        "description": "Anoboy",
        "url": "https://raw.githubusercontent.com/enyny/ExtCloud/builds/Anoboy.cs3",
        "name": "Anoboy"
    },
    {
        "iconUrl": "https://t2.gstatic.com/faviconV2?client=SOCIAL&type=FAVICON&fallback_opts=TYPE,SIZE,URL&url=https://donghub.vip&size=%size%",
        "apiVersion": 1,
        "repositoryUrl": "https://github.com/duro92/ExtCloud",
        "fileSize": 22115,
        "status": 1,
        "language": "id",
        "authors": [
            "duro92",
            "CodeSannz"
        ],
        "tvTypes": [
            "AnimeMovie",
            "Anime",
            "Cartoon"
        ],
        "version": 6,
        "internalName": "Donghub",
        "description": "Anime and Movies",
        "url": "https://raw.githubusercontent.com/enyny/ExtCloud/builds/Donghub.cs3",
        "name": "Donghub"
    },
    {
        "iconUrl": "https://t2.gstatic.com/faviconV2?client=SOCIAL&type=FAVICON&fallback_opts=TYPE,SIZE,URL&url=https://justilien.com&size=%size%",
        "apiVersion": 1,
        "repositoryUrl": "https://github.com/duro92/ExtCloud",
        "fileSize": 35831,
        "status": 1,
        "language": "id",
        "authors": [
            "Duro92"
        ],
        "tvTypes": [
            "AsianDrama",
            "TvSeries",
            "Movie"
        ],
        "version": 16,
        "internalName": "Dutamovie",
        "description": "DutaMovie",
        "url": "https://raw.githubusercontent.com/enyny/ExtCloud/builds/Dutamovie.cs3",
        "name": "Dutamovie"
    },
    {
        "iconUrl": "https://t2.gstatic.com/faviconV2?client=SOCIAL&type=FAVICON&fallback_opts=TYPE,SIZE,URL&url=https://filmapik.singles&size=%size%",
        "apiVersion": 1,
        "repositoryUrl": "https://github.com/duro92/ExtCloud",
        "fileSize": 21965,
        "status": 1,
        "language": "id",
        "authors": [
            "Duro92",
            "CodeSanzz"
        ],
        "tvTypes": [
            "AsianDrama",
            "TvSeries",
            "Movie"
        ],
        "version": 2,
        "internalName": "FilmApik",
        "description": "Filmapik",
        "url": "https://raw.githubusercontent.com/enyny/ExtCloud/builds/FilmApik.cs3",
        "name": "FilmApik"
    },
    {
        "iconUrl": "https://t2.gstatic.com/faviconV2?client=SOCIAL&type=FAVICON&fallback_opts=TYPE,SIZE,URL&url=https://fufafilm.com&size=%size%",
        "apiVersion": 1,
        "repositoryUrl": "https://github.com/duro92/ExtCloud",
        "fileSize": 28846,
        "status": 1,
        "language": "id",
        "authors": [
            "Duro92"
        ],
        "tvTypes": [
            "AsianDrama",
            "TvSeries",
            "Movie"
        ],
        "version": 3,
        "internalName": "Fufafilm",
        "description": "Fufafilm",
        "url": "https://raw.githubusercontent.com/enyny/ExtCloud/builds/Fufafilm.cs3",
        "name": "Fufafilm"
    },
    {
        "iconUrl": "https://t2.gstatic.com/faviconV2?client=SOCIAL&type=FAVICON&fallback_opts=TYPE,SIZE,URL&url=https://funmovieslix.com&size=%size%",
        "jarFileSize": 77282,
        "apiVersion": 1,
        "repositoryUrl": "https://github.com/duro92/ExtCloud",
        "fileSize": 21560,
        "status": 1,
        "language": "id",
        "authors": [
            "Phisher98"
        ],
        "tvTypes": [
            "Movie",
            "TvSeries"
        ],
        "version": 2,
        "internalName": "Funmovieslix",
        "jarUrl": "https://raw.githubusercontent.com/enyny/ExtCloud/builds/Funmovieslix.jar",
        "description": "Indonesia Source",
        "url": "https://raw.githubusercontent.com/enyny/ExtCloud/builds/Funmovieslix.cs3",
        "name": "Funmovieslix"
    },
    {
        "iconUrl": "https://t2.gstatic.com/faviconV2?client=SOCIAL&type=FAVICON&fallback_opts=TYPE,SIZE,URL&url=https://v2.hidoristream.online&size=%size%",
        "apiVersion": 1,
        "repositoryUrl": "https://github.com/duro92/ExtCloud",
        "fileSize": 36382,
        "status": 1,
        "language": "id",
        "authors": [
            "Duro92"
        ],
        "tvTypes": [
            "AnimeMovie",
            "OVA",
            "Anime"
        ],
        "version": 1,
        "internalName": "Hidoristream",
        "description": "Hidoristream",
        "url": "https://raw.githubusercontent.com/enyny/ExtCloud/builds/Hidoristream.cs3",
        "name": "Hidoristream"
    },
    {
        "iconUrl": "https://t0.gstatic.com/faviconV2?client=SOCIAL&type=FAVICON&fallback_opts=TYPE,SIZE,URL&url=http://idlixian.com&size=16",
        "jarFileSize": 113266,
        "apiVersion": 1,
        "repositoryUrl": "https://github.com/duro92/ExtCloud",
        "fileSize": 29967,
        "status": 1,
        "language": "id",
        "authors": [
            "Hexated,Phisher98"
        ],
        "tvTypes": [
            "TvSeries",
            "Movie",
            "Anime",
            "AsianDrama"
        ],
        "version": 5,
        "internalName": "IdlixProvider",
        "jarUrl": "https://raw.githubusercontent.com/enyny/ExtCloud/builds/IdlixProvider.jar",
        "url": "https://raw.githubusercontent.com/enyny/ExtCloud/builds/IdlixProvider.cs3",
        "name": "IdlixProvider"
    },
    {
        "iconUrl": "https://t2.gstatic.com/faviconV2?client=SOCIAL&type=FAVICON&fallback_opts=TYPE,SIZE,URL&url=https://tv2.kawanfilm21.co&size=%size%",
        "apiVersion": 1,
        "repositoryUrl": "https://github.com/duro92/ExtCloud",
        "fileSize": 27905,
        "status": 1,
        "language": "id",
        "authors": [
            "Duro92"
        ],
        "tvTypes": [
            "AsianDrama",
            "TvSeries",
            "Movie"
        ],
        "version": 5,
        "internalName": "Kawanfilm",
        "description": "Kawanfilm",
        "url": "https://raw.githubusercontent.com/enyny/ExtCloud/builds/Kawanfilm.cs3",
        "name": "Kawanfilm"
    },
    {
        "iconUrl": "https://t2.gstatic.com/faviconV2?client=SOCIAL&type=FAVICON&fallback_opts=TYPE,SIZE,URL&url=https://kissasian.cam&size=%size%",
        "apiVersion": 1,
        "repositoryUrl": "https://github.com/duro92/ExtCloud",
        "fileSize": 33109,
        "status": 1,
        "language": "id",
        "authors": [
            "Duro92"
        ],
        "tvTypes": [
            "AsianDrama",
            "TvSeries",
            "Movie"
        ],
        "version": 4,
        "internalName": "Kissasian",
        "description": "Kissasian",
        "url": "https://raw.githubusercontent.com/enyny/ExtCloud/builds/Kissasian.cs3",
        "name": "Kissasian"
    },
    {
        "iconUrl": "https://t2.gstatic.com/faviconV2?client=SOCIAL&type=FAVICON&fallback_opts=TYPE,SIZE,URL&url=https://kisskh.ovh&size=%size%",
        "jarFileSize": 116251,
        "apiVersion": 1,
        "repositoryUrl": "https://github.com/duro92/ExtCloud",
        "fileSize": 28039,
        "status": 1,
        "language": "id",
        "authors": [
            "Duro92"
        ],
        "tvTypes": [
            "AsianDrama",
            "TvSeries",
            "Anime",
            "Movie"
        ],
        "version": 16,
        "internalName": "KisskhProvider",
        "jarUrl": "https://raw.githubusercontent.com/enyny/ExtCloud/builds/KisskhProvider.jar",
        "url": "https://raw.githubusercontent.com/enyny/ExtCloud/builds/KisskhProvider.cs3",
        "name": "KisskhProvider"
    },
    {
        "iconUrl": "https://t2.gstatic.com/faviconV2?client=SOCIAL&type=FAVICON&fallback_opts=TYPE,SIZE,URL&url=https://klikxxi.fit&size=%size%",
        "apiVersion": 1,
        "repositoryUrl": "https://github.com/duro92/ExtCloud",
        "fileSize": 24147,
        "status": 1,
        "language": "id",
        "authors": [
            "Duro92"
        ],
        "tvTypes": [
            "TvSeries",
            "Movie"
        ],
        "version": 9,
        "internalName": "Klikxxi",
        "description": "Klikxxi",
        "url": "https://raw.githubusercontent.com/enyny/ExtCloud/builds/Klikxxi.cs3",
        "name": "Klikxxi"
    },
    {
        "iconUrl": "https://t2.gstatic.com/faviconV2?client=SOCIAL&type=FAVICON&fallback_opts=TYPE,SIZE,URL&url=https://v14.kuramanime.tel&size=%size%",
        "apiVersion": 1,
        "repositoryUrl": "https://github.com/duro92/ExtCloud",
        "fileSize": 33760,
        "status": 1,
        "language": "id",
        "authors": [
            "Hexated, duro92"
        ],
        "tvTypes": [
            "AnimeMovie",
            "Anime",
            "OVA"
        ],
        "version": 2,
        "internalName": "KuramanimeProvider",
        "url": "https://raw.githubusercontent.com/enyny/ExtCloud/builds/KuramanimeProvider.cs3",
        "name": "KuramanimeProvider"
    },
    {
        "iconUrl": "https://www.google.com/s2/favicons?domain=tv7.lk21.am.in&sz=%size%",
        "jarFileSize": 96466,
        "apiVersion": 1,
        "repositoryUrl": "https://github.com/duro92/ExtCloud",
        "fileSize": 26243,
        "status": 1,
        "language": "id",
        "authors": [
            "Hexated,Phisher98"
        ],
        "tvTypes": [
            "AsianDrama",
            "TvSeries",
            "Movie"
        ],
        "version": 10,
        "internalName": "LayarKacaProvider",
        "jarUrl": "https://raw.githubusercontent.com/enyny/ExtCloud/builds/LayarKacaProvider.jar",
        "url": "https://raw.githubusercontent.com/enyny/ExtCloud/builds/LayarKacaProvider.cs3",
        "name": "LayarKacaProvider"
    },
    {
        "iconUrl": "https://t2.gstatic.com/faviconV2?client=SOCIAL&type=FAVICON&fallback_opts=TYPE,SIZE,URL&url=https://tv11.melongmovies.com&size=%size%",
        "apiVersion": 1,
        "repositoryUrl": "https://github.com/duro92/ExtCloud",
        "fileSize": 25316,
        "status": 1,
        "language": "id",
        "authors": [
            "Duro92"
        ],
        "tvTypes": [
            "AsianDrama",
            "TvSeries",
            "Movie"
        ],
        "version": 8,
        "internalName": "Melongmovie",
        "description": "Melongmovie",
        "url": "https://raw.githubusercontent.com/enyny/ExtCloud/builds/Melongmovie.cs3",
        "name": "Melongmovie"
    },
    {
        "iconUrl": "https://github.com/NivinCNC/CNCVerse-Cloud-Stream-Extension/raw/refs/heads/master/MovieBoxProvider/icon.png",
        "apiVersion": 1,
        "repositoryUrl": "https://github.com/duro92/ExtCloud",
        "fileSize": 55846,
        "status": 1,
        "language": "id",
        "authors": [
            "NivinCNC,Phisher98"
        ],
        "tvTypes": [
            "Movie",
            "TvSeries"
        ],
        "version": 7,
        "internalName": "MovieBoxProvider",
        "description": "Multi Language Movies and Series Provider",
        "url": "https://raw.githubusercontent.com/enyny/ExtCloud/builds/MovieBoxProvider.cs3",
        "name": "MovieBoxProvider"
    },
    {
        "iconUrl": "https://t2.gstatic.com/faviconV2?client=SOCIAL&type=FAVICON&fallback_opts=TYPE,SIZE,URL&url=https://new18.ngefilm.site&size=%size%",
        "apiVersion": 1,
        "repositoryUrl": "https://github.com/duro92/ExtCloud",
        "fileSize": 26855,
        "status": 1,
        "language": "id",
        "authors": [
            "Duro92"
        ],
        "tvTypes": [
            "AsianDrama",
            "TvSeries",
            "Movie"
        ],
        "version": 9,
        "internalName": "Ngefilm",
        "description": "Ngefilm",
        "url": "https://raw.githubusercontent.com/enyny/ExtCloud/builds/Ngefilm.cs3",
        "name": "Ngefilm"
    },
    {
        "iconUrl": "https://t2.gstatic.com/faviconV2?client=SOCIAL&type=FAVICON&fallback_opts=TYPE,SIZE,URL&url=https://nomat.site&size=%size%",
        "apiVersion": 1,
        "repositoryUrl": "https://github.com/duro92/ExtCloud",
        "fileSize": 20666,
        "status": 1,
        "language": "id",
        "authors": [
            "Duro92"
        ],
        "tvTypes": [
            "AsianDrama",
            "TvSeries",
            "Movie"
        ],
        "version": 4,
        "internalName": "Nomat",
        "description": "Nomat",
        "url": "https://raw.githubusercontent.com/enyny/ExtCloud/builds/Nomat.cs3",
        "name": "Nomat"
    },
    {
        "iconUrl": "https://t2.gstatic.com/faviconV2?client=SOCIAL&type=FAVICON&fallback_opts=TYPE,SIZE,URL&url=https://anime.oploverz.ac&size=%size%",
        "apiVersion": 1,
        "repositoryUrl": "https://github.com/duro92/ExtCloud",
        "fileSize": 30095,
        "status": 1,
        "language": "id",
        "authors": [
            "Duro92",
            "CodeSanzz"
        ],
        "tvTypes": [
            "AnimeMovie",
            "Anime",
            "OVA"
        ],
        "version": 31,
        "internalName": "OploverzProvider",
        "url": "https://raw.githubusercontent.com/enyny/ExtCloud/builds/OploverzProvider.cs3",
        "name": "OploverzProvider"
    },
    {
        "iconUrl": "https://t2.gstatic.com/faviconV2?client=SOCIAL&type=FAVICON&fallback_opts=TYPE,SIZE,URL&url=http://45.11.57.243&size=%size%",
        "apiVersion": 1,
        "repositoryUrl": "https://github.com/duro92/ExtCloud",
        "fileSize": 24121,
        "status": 1,
        "language": "id",
        "authors": [
            "Duro92"
        ],
        "tvTypes": [
            "AsianDrama",
            "TvSeries",
            "Movie"
        ],
        "version": 11,
        "internalName": "Oppadrama",
        "description": "Oppadrama",
        "url": "https://raw.githubusercontent.com/enyny/ExtCloud/builds/Oppadrama.cs3",
        "name": "Oppadrama"
    },
    {
        "iconUrl": "https://t2.gstatic.com/faviconV2?client=SOCIAL&type=FAVICON&fallback_opts=TYPE,SIZE,URL&url=https://otakudesu.cloud&size=%size%",
        "apiVersion": 1,
        "repositoryUrl": "https://github.com/duro92/ExtCloud",
        "fileSize": 27866,
        "status": 1,
        "language": "id",
        "authors": [
            "Hexated"
        ],
        "tvTypes": [
            "AnimeMovie",
            "Anime",
            "OVA"
        ],
        "version": 3,
        "internalName": "OtakudesuProvider",
        "url": "https://raw.githubusercontent.com/enyny/ExtCloud/builds/OtakudesuProvider.cs3",
        "name": "OtakudesuProvider"
    },
    {
        "iconUrl": "https://t2.gstatic.com/faviconV2?client=SOCIAL&type=FAVICON&fallback_opts=TYPE,SIZE,URL&url=https://ww03.pencurimovie.bond&size=%size%",
        "jarFileSize": 65600,
        "apiVersion": 1,
        "repositoryUrl": "https://github.com/duro92/ExtCloud",
        "fileSize": 18654,
        "status": 1,
        "language": "id",
        "authors": [
            "Phisher98"
        ],
        "tvTypes": [
            "Movie",
            "TvSeries"
        ],
        "version": 8,
        "internalName": "Pencurimovie",
        "jarUrl": "https://raw.githubusercontent.com/enyny/ExtCloud/builds/Pencurimovie.jar",
        "description": "Pencurimovie ",
        "url": "https://raw.githubusercontent.com/enyny/ExtCloud/builds/Pencurimovie.cs3",
        "name": "Pencurimovie"
    },
    {
        "iconUrl": "https://t2.gstatic.com/faviconV2?client=SOCIAL&type=FAVICON&fallback_opts=TYPE,SIZE,URL&url=https://v1.pusatfilm21info.net&size=%size%",
        "apiVersion": 1,
        "repositoryUrl": "https://github.com/duro92/ExtCloud",
        "fileSize": 67812,
        "status": 1,
        "language": "id",
        "authors": [
            "Hexated",
            "TeKuma25"
        ],
        "tvTypes": [
            "AsianDrama",
            "TvSeries",
            "Movie"
        ],
        "version": 11,
        "internalName": "Pusatfilm",
        "description": "Pusatfilm is a plugin that provides streaming links for movies and TV series.",
        "url": "https://raw.githubusercontent.com/enyny/ExtCloud/builds/Pusatfilm.cs3",
        "name": "Pusatfilm"
    },
    {
        "iconUrl": "https://t2.gstatic.com/faviconV2?client=SOCIAL&type=FAVICON&fallback_opts=TYPE,SIZE,URL&url=https://v1.samehadaku.how&size=%size%",
        "apiVersion": 1,
        "repositoryUrl": "https://github.com/duro92/ExtCloud",
        "fileSize": 20507,
        "status": 1,
        "language": "id",
        "authors": [
            "Duro92",
            "CodeSanzz"
        ],
        "tvTypes": [
            "AnimeMovie",
            "OVA",
            "Anime"
        ],
        "version": 25,
        "internalName": "Samehadaku",
        "url": "https://raw.githubusercontent.com/enyny/ExtCloud/builds/Samehadaku.cs3",
        "name": "Samehadaku"
    },
    {
        "iconUrl": "https://t2.gstatic.com/faviconV2?client=SOCIAL&type=FAVICON&fallback_opts=TYPE,SIZE,URL&url=https://sflix.film&size=%size%",
        "apiVersion": 1,
        "repositoryUrl": "https://github.com/duro92/ExtCloud",
        "fileSize": 29979,
        "status": 1,
        "language": "id",
        "authors": [
            "Duro92"
        ],
        "tvTypes": [
            "TvSeries",
            "Movie",
            "Anime",
            "AsianDrama"
        ],
        "version": 1,
        "internalName": "Sflix",
        "description": "Sflix - Movie & Series subtitle indonesia",
        "url": "https://raw.githubusercontent.com/enyny/ExtCloud/builds/Sflix.cs3",
        "name": "Sflix"
    },
    {
        "iconUrl": "https://github.com/enyny/ExtCloud/blob/main/SoraStream/Icon.png",
        "apiVersion": 1,
        "repositoryUrl": "https://github.com/duro92/ExtCloud",
        "fileSize": 179706,
        "status": 1,
        "language": "en",
        "authors": [
            "Hexated",
            "Sora"
        ],
        "tvTypes": [
            "AsianDrama",
            "TvSeries",
            "Anime",
            "Movie"
        ],
        "version": 235,
        "internalName": "SoraStream",
        "description": "#1 best extention based on MultiAPI",
        "url": "https://raw.githubusercontent.com/enyny/ExtCloud/builds/SoraStream.cs3",
        "name": "SoraStream"
    },
    {
        "iconUrl": "https://t2.gstatic.com/faviconV2?client=SOCIAL&type=FAVICON&fallback_opts=TYPE,SIZE,URL&url=https://winbu.net&size=%size%",
        "apiVersion": 1,
        "repositoryUrl": "https://github.com/duro92/ExtCloud",
        "fileSize": 32843,
        "status": 1,
        "language": "id",
        "authors": [
            "Duro92"
        ],
        "tvTypes": [
            "Movie",
            "Anime",
            "TvSeries"
        ],
        "version": 1,
        "internalName": "Winbu",
        "description": "Winbu",
        "url": "https://raw.githubusercontent.com/enyny/ExtCloud/builds/Winbu.cs3",
        "name": "Winbu"
    }
]